wavelength_nm,R
1.999999999999999545e+03,9.992335229789919282e-01
1.994176372712146076e+03,9.993439980153346891e-01
1.988386561592699536e+03,9.985279787521327277e-01
1.982630272952852920e+03,9.974628986343784254e-01
1.976907216494845215e+03,9.962611289079656984e-01
1.971217105263157464e+03,9.951326163086612331e-01
1.965559655596555558e+03,9.940821943215988332e-01
1.959934587080947949e+03,9.931125965596206973e-01
1.954341622503056897e+03,9.924520171926535239e-01
1.948780487804877339e+03,9.921070830288852838e-01
1.943250912038913384e+03,9.919904641388236355e-01
1.937752627324171044e+03,9.920027401739163198e-01
1.932285368802901530e+03,9.919775920948277204e-01
1.926848874598070324e+03,9.917878209391942645e-01
1.921442885771542706e+03,9.912132069251431421e-01
1.916067146282972999e+03,9.900163283519325397e-01
1.910721402949382082e+03,9.879109773788108395e-01
1.905405405405404963e+03,9.844936888245049422e-01
1.900118906064208886e+03,9.791136053907107950e-01
1.894861660079050807e+03,9.705762110109642515e-01
1.889633425305478340e+03,9.565958014463957770e-01
1.884433962264150296e+03,9.323050435208621867e-01
1.879263034104272720e+03,8.854443273339842602e-01
1.874120406567630653e+03,7.837268211380512550e-01
1.869005847953215834e+03,5.441888908838610206e-01
1.863919129082425798e+03,1.466001742461950363e-01
1.858860023264830943e+03,2.108464487481635785e-01
1.853828306264500725e+03,5.406512992048640998e-01
1.848823756266872124e+03,7.230958216728222698e-01
1.843846153846153356e+03,8.118966640734466278e-01
1.838895281933256229e+03,8.588050502993936908e-01
1.833970925784238261e+03,8.856312036649722774e-01
1.829072872949255498e+03,9.016922853988967868e-01
1.824200913242008482e+03,9.113271317344457945e-01
1.819354838709676642e+03,9.167198003728691535e-01
1.814534443603330601e+03,9.190224508333690867e-01
1.809739524348810619e+03,9.188371197622426934e-01
1.804969879518072048e+03,9.164236927116138354e-01
1.800225309800975992e+03,9.119413471103445801e-01
1.795505617977527436e+03,9.051638538111804744e-01
1.790810608890548792e+03,8.958384152890075391e-01
1.786140089418777507e+03,8.834600840994009108e-01
1.781493868450389755e+03,8.672684438099419468e-01
1.776871756856930460e+03,8.461927204693061588e-01
1.772273567467651901e+03,8.187706313124150093e-01
1.767699115044247264e+03,7.830750417036930200e-01
1.763148216255975967e+03,7.366870609541060766e-01
1.758620689655172100e+03,6.768270476972497729e-01
1.754116355653128039e+03,6.008409828184807511e-01
1.749635036496350040e+03,5.073317551740014197e-01
1.745176556243173991e+03,3.981545975880376731e-01
1.740740740740740193e+03,2.807401715293684763e-01
1.736327417602317382e+03,1.688066473165034109e-01
1.731936416184970767e+03,7.880481520109136606e-02
1.727567567567567266e+03,2.253940616363727181e-02
1.723220704529115437e+03,1.515332525098066034e-03
1.718895661527428729e+03,7.930064417684795294e-03
1.714592274678111153e+03,3.022610135460763320e-02
1.710310381733856048e+03,5.809212038972517977e-02
1.706049822064056798e+03,8.441138551263992207e-02
1.701810436634717462e+03,1.051282481439097527e-01
1.697592067988668305e+03,1.183649595286710571e-01
1.693394560226068052e+03,1.235829893353434100e-01
1.689217758985200362e+03,1.210822593337842756e-01
1.685061511423549746e+03,1.116805702885329404e-01
1.680925666199158286e+03,9.664476867662934179e-02
1.676810073452255665e+03,7.765538322810661143e-02
1.672714584787159311e+03,5.677351165017811840e-02
1.668639053254437613e+03,3.636421575810760282e-02
1.664583333333332803e+03,1.884546441968150757e-02
1.660547280914443490e+03,6.386772349405202449e-03
1.656530753282653222e+03,5.366813625254431572e-04
1.652533609100310059e+03,1.955636350675467143e-03
1.648555708390646032e+03,1.032254646032496059e-02
1.644596912521440345e+03,2.450114136900041761e-02
1.640657084188911313e+03,4.286585147170127869e-02
1.636736087401843179e+03,6.367130636814280487e-02
1.632833787465939849e+03,8.537772945970799332e-02
1.628950050968399410e+03,1.068488102663875394e-01
1.625084745762711464e+03,1.274363452630892790e-01
1.621237740953668890e+03,1.469765932144034559e-01
1.617408906882590827e+03,1.657195876515591970e-01
1.613598115112755977e+03,1.842268188360872971e-01
1.609805238415043277e+03,2.032324686856585017e-01
1.606030150753768567e+03,2.234820367799767171e-01
1.602272727272726797e+03,2.455549094430252433e-01
1.598532844281426833e+03,2.697164546981742905e-01
1.594810379241516557e+03,2.958277515580385320e-01
1.591105210753401479e+03,3.233425986895778204e-01
1.587417218543046147e+03,3.513984483209694476e-01
1.583746283448959048e+03,3.789325766799533923e-01
1.580092287409360324e+03,4.048515133466421001e-01
1.576455113449522742e+03,4.281731327619233141e-01
1.572834645669290921e+03,4.480068283154517439e-01
1.569230769230768828e+03,4.636634246721051955e-01
1.565643370346178472e+03,4.745757329428169080e-01
1.562072336265884132e+03,4.802523280946209283e-01
1.558517555266579848e+03,4.802268175924524485e-01
1.554978916639636282e+03,4.740172134516255076e-01
1.551456310679611306e+03,4.610519468143411403e-01
1.547949628672908830e+03,4.407000590931959838e-01
1.544458762886597469e+03,4.123120263395868013e-01
1.540983606557376788e+03,3.752707070391604893e-01
1.537524053880692463e+03,3.293109587282645467e-01
1.534079999999999700e+03,2.748523297482947658e-01
1.530651340996168074e+03,2.137133480718559353e-01
1.527237973877030527e+03,1.498606509825088640e-01
1.523839796567069016e+03,8.988686341026620730e-02
1.520456707897240221e+03,4.258880762469155479e-02
1.517088607594936320e+03,1.682672211088273237e-02
1.513735396274076038e+03,1.816616179308164214e-02
1.510396975425330311e+03,4.623074838211643778e-02
1.507073247406475730e+03,9.487235802096058435e-02
1.503764115432872813e+03,1.550113703181600910e-01
1.500469483568075020e+03,2.179520659201288624e-01
1.497189256714553039e+03,2.773143686728844481e-01
1.493923340604549367e+03,3.293463457657547777e-01
1.490671641791044294e+03,3.723412886367828967e-01
1.487434067638845363e+03,4.058618120121445516e-01
1.484210526315788911e+03,4.301125018607516726e-01
1.481000926784058947e+03,4.455338787744184126e-01
1.477805178791614935e+03,4.525771885185716492e-01
1.474623192863733948e+03,4.515999390542326797e-01
1.471454880294659006e+03,4.428440776577554638e-01
1.468300153139356553e+03,4.264604690611739635e-01
1.465158924205378526e+03,4.025949701562824279e-01
1.462031107044830378e+03,3.715166937840175265e-01
1.458916615946439379e+03,3.338010055193002534e-01
1.455815365927724997e+03,2.905552516226430626e-01
1.452727272727272521e+03,2.436377203072416786e-01
1.449652252797096708e+03,1.957695161157906316e-01
1.446590223295111400e+03,1.503916743459798033e-01
1.443541102077686901e+03,1.111693107873676784e-01
1.440504807692307168e+03,8.120206775184314607e-02
1.437481259370314547e+03,6.219416530522511866e-02
1.434470377019748184e+03,5.399975152239607640e-02
1.431472081218273843e+03,5.476373930956403291e-02
1.428486293206197388e+03,6.153709141095550089e-02
1.425512934879571503e+03,7.105837172666613910e-02
1.422551928783382436e+03,8.037689097160014007e-02
1.419603198104826561e+03,8.720234170572982446e-02
1.416666666666666288e+03,9.001710972754838058e-02
1.413742258920672157e+03,8.806061024244436763e-02
1.410829899941141548e+03,8.126438102947435016e-02
1.407929515418501978e+03,7.021213141266235969e-02
1.405041031652989204e+03,5.609502362774741735e-02
1.402164375548405587e+03,4.064942916881732898e-02
1.399299474605954174e+03,2.601481971438209320e-02
1.396446256918147128e+03,1.446639684249434801e-02
1.393604651162790333e+03,8.023767105881176448e-03
1.390774586597040525e+03,8.015959436914002825e-03
1.387955993051534278e+03,1.474888673653452012e-02
1.385148800924587931e+03,2.741401513667028611e-02
1.382352941176470267e+03,4.427975523039438116e-02
1.379568345323740687e+03,6.307978731782576398e-02
1.376794945433658540e+03,8.144358943149965224e-02
1.374032674118658178e+03,9.723884651772383980e-02
1.371281464530891981e+03,1.087748148923996100e-01
1.368541250356836599e+03,1.148895831559624547e-01
1.365811965811965592e+03,1.149783742090062510e-01
1.363093545635484361e+03,1.090321500311087072e-01
1.360385925085130339e+03,9.771012136251851221e-02
1.357689039932030255e+03,8.247262218754554397e-02
1.355002826455624472e+03,6.571710793844644238e-02
1.352327221438645665e+03,5.081230061836321948e-02
1.349662162162161849e+03,4.185656333514888722e-02
1.347007586400673972e+03,4.300915011676960387e-02
1.344363432417273998e+03,5.743235883578488854e-02
1.341729638958857777e+03,8.621510159296728870e-02
1.339106145251396129e+03,1.278592721125121068e-01
1.336492890995260268e+03,1.786937361173986938e-01
1.333889816360600889e+03,2.339977975149928335e-01
1.331296861982782275e+03,2.892317250475262558e-01
1.328713968957870975e+03,3.408408290290909082e-01
1.326141078838174053e+03,3.864999457642330771e-01
1.323578133627829629e+03,4.249597424564015569e-01
1.321025075778451082e+03,4.557280744555245455e-01
1.318481848184818091e+03,4.787495371866851146e-01
1.315948394180619971e+03,4.941540370582520603e-01
1.313424657534246307e+03,5.020850538779032535e-01
1.310910582444626243e+03,5.025935329152177999e-01
1.308406113537117335e+03,4.955804408931613891e-01
1.305911195859438521e+03,4.807777727120149946e-01
1.303425774877650611e+03,4.577687556599269736e-01
1.300949796472184289e+03,4.260618708173826708e-01
1.298483206933910651e+03,3.852490829528875671e-01
1.296025952960259019e+03,3.352933008453991004e-01
1.293577981651375922e+03,2.769879855495760435e-01
1.291139240506328861e+03,2.125791236221409863e-01
1.288709677419354421e+03,1.463761000922967626e-01
1.286289240676146846e+03,8.493117183181730923e-02
1.283877878950187323e+03,3.619728546463130830e-02
1.281475541299117367e+03,7.388297602897208986e-03
1.279082177161152231e+03,2.310045901262691367e-03
1.276697736351530921e+03,1.981245380857429503e-02
1.274322169059010776e+03,5.447640098509893419e-02
1.271955425842398199e+03,9.893885871232929730e-02
1.269597457627118274e+03,1.462513496747015196e-01
1.267248215701823710e+03,1.911921585061887863e-01
1.264907651715039492e+03,2.304932121553458224e-01
1.262575717671845950e+03,2.624683957239836718e-01
1.260252365930599126e+03,2.864942679630106404e-01
1.257937549199685009e+03,3.025739865004252738e-01
1.255631220534310842e+03,3.110463919421579959e-01
1.253333333333333030e+03,3.124245292900076909e-01
1.251043841336116429e+03,3.073261058494756726e-01
1.248762698619431831e+03,2.964686292100319753e-01
1.246489859594383461e+03,2.806828368282490160e-01
1.244225279003373544e+03,2.609457351020791904e-01
1.241968911917098239e+03,2.383899991872601154e-01
1.239720713731574506e+03,2.142808471852319929e-01
1.237480640165203567e+03,1.899469901342461797e-01
1.235248647255861670e+03,1.666695985602541230e-01
1.233024691358024484e+03,1.455525682094358786e-01
1.230808729139922889e+03,1.274121095248444413e-01
1.228600717580727633e+03,1.127234030476216980e-01
1.226400613967766276e+03,1.016405546903569601e-01
1.224208375893768789e+03,9.408359898780570274e-02
1.222023961254142023e+03,8.986158535630388300e-02
1.219847328244274422e+03,8.878542832933937479e-02
1.217678435356870295e+03,9.073731639288845630e-02
1.215517241379310008e+03,9.567617477804823967e-02
1.213363705391039957e+03,1.035789522033655624e-01
1.211217786760990066e+03,1.143369305309442779e-01
1.209079445145018553e+03,1.276407210636475442e-01
1.206948640483383542e+03,1.428920933301850160e-01
1.204825332998240583e+03,1.591731695871091701e-01
1.202709483191168829e+03,1.752821227019685513e-01
1.200601051840720856e+03,1.898194155377380399e-01
1.198499999999999773e+03,2.012942936998277366e-01
1.196406288994259739e+03,2.082225776521952065e-01
1.194319880418534694e+03,2.092003458031245211e-01
1.192240736135289353e+03,2.029669885007617525e-01
1.190168818272094995e+03,1.884983942866895468e-01
1.188104089219330717e+03,1.652019858844032685e-01
1.186046511627906739e+03,1.333212442667417175e-01
1.183996048407014086e+03,9.467405132267883716e-02
1.181952662721893148e+03,5.376184368439555772e-02
1.179916317991631558e+03,1.890314297462164853e-02
1.177886977886977547e+03,2.210412014681095022e-03
1.175864606328182163e+03,1.654326134369020831e-02
1.173849167482859684e+03,6.907770430388077143e-02
1.171840625763871685e+03,1.556774406416739365e-01
1.169838945827232465e+03,2.620953119911025309e-01
1.167844092570036082e+03,3.715643523706794182e-01
1.165856031128404311e+03,4.717813438152904104e-01
1.163874726875455053e+03,5.569051977056744818e-01
1.161900145419292130e+03,6.259489142790581884e-01
1.159932252601015762e+03,6.804296669137249731e-01
1.157971014492753511e+03,7.226968472065167237e-01
1.156016397395707600e+03,7.550693238688536146e-01
1.154068367838227914e+03,7.794983733020567351e-01
1.152126892573900250e+03,7.974909432261394482e-01
1.150191938579654106e+03,8.101347822037829882e-01
1.148263473053891857e+03,8.181476672394067950e-01
1.146341463414633836e+03,8.219163715065919140e-01
1.144425877297684110e+03,8.215096393250865825e-01
1.142516682554813542e+03,8.166541840065675295e-01
1.140613847251962625e+03,8.066592473888658521e-01
1.138717339667458191e+03,7.902649210282770564e-01
1.136827128290253313e+03,7.653717488180220574e-01
1.134943181818181756e+03,7.285868637104512269e-01
1.133065469156227664e+03,6.745226205358957339e-01
1.131193959414818210e+03,5.949547978899581979e-01
1.129328621908126934e+03,4.789115852655144723e-01
1.127469426152398455e+03,3.184805684216511223e-01
1.125616341864287051e+03,1.329266757634618989e-01
1.123769338959212064e+03,8.664208134059318833e-03
1.121928387549730587e+03,5.169372531858770076e-02
1.120093457943924705e+03,2.300835796368148056e-01
1.118264520643806691e+03,4.241256649887171215e-01
1.116441546343735126e+03,5.743014626420774871e-01
1.114624505928853523e+03,6.780885802918792393e-01
1.112813370473537361e+03,7.480323044273679001e-01
1.111008111239860682e+03,7.954681920571460285e-01
1.109208699676075639e+03,8.280888849916865357e-01
1.107415107415107059e+03,8.507506913045739250e-01
1.105627306273062459e+03,8.664740516626485700e-01
1.103845268247754575e+03,8.771351317847249085e-01
1.102068965517241168e+03,8.838862704239469625e-01
1.100298370438374604e+03,8.873993265148344411e-01
1.098533455545370998e+03,8.879988816684543096e-01
1.096774193548386847e+03,8.857233749525357247e-01
1.095020557332114777e+03,8.803315660117611019e-01
1.093272519954389736e+03,8.712563035550511259e-01
1.091530054644808388e+03,8.574929504085210263e-01
1.089793134803364183e+03,8.373906873448568877e-01
1.088061733999091985e+03,8.082893895353713276e-01
1.086335825968728614e+03,7.659188289633757085e-01
1.084615384615384301e+03,7.035027084853384682e-01
1.082900384007228013e+03,6.108662854135358256e-01
1.081190798376183693e+03,4.756086467322763744e-01
1.079486602116640142e+03,2.941301534484397351e-01
1.077787769784172269e+03,1.055405986497873205e-01
1.076094276094275756e+03,1.513746846897882220e-02
1.074406095921111273e+03,9.005796507986975341e-02
1.072723204296262793e+03,2.570598372810248833e-01
1.071045576407506360e+03,4.196590897121543207e-01
1.069373187597590686e+03,5.432850317468957968e-01
1.067706013363028660e+03,6.297026064961944725e-01
1.066044029352901589e+03,6.885627327932173358e-01
1.064387211367672990e+03,7.281480512666352878e-01
1.062735535358013522e+03,7.541032257155746432e-01
1.061088977423638426e+03,7.699759236590320022e-01
1.059447513812154511e+03,7.778581148980056037e-01
1.057811120917916696e+03,7.788239186242578160e-01
1.056179775280898639e+03,7.731737141778762812e-01
1.054553453585569514e+03,7.605327783126226704e-01
1.052932132659784429e+03,7.398397738126525347e-01
1.051315789473683935e+03,7.092507688895351992e-01
1.049704401138602861e+03,6.660016242584205770e-01
1.048097944905990062e+03,6.063578318821051250e-01
1.046496398166339077e+03,5.260293179363395577e-01
1.044899738448125390e+03,4.219623650946197624e-01
1.043307943416757098e+03,2.970393806961871275e-01
1.041720990873533083e+03,1.679560011751897453e-01
1.040138858754610283e+03,6.897383615455790484e-02
1.038561525129982556e+03,3.589774955529518446e-02
1.036988968202465458e+03,7.566638909142404945e-02
1.035421166306695113e+03,1.613498749108520647e-01
1.033858097908130048e+03,2.586803184546738188e-01
1.032299741602066888e+03,3.461451004975462098e-01
1.030746076112663559e+03,4.157114368265079629e-01
1.029197080291970451e+03,4.666236811206174728e-01
1.027652733118970900e+03,5.006689564225484945e-01
1.026113013698629857e+03,5.199173374750041265e-01
1.024577901260953013e+03,5.259052622982218761e-01
1.023047375160050819e+03,5.194379109479150269e-01
1.021521414873215235e+03,5.006263570329461121e-01
1.019999999999999773e+03,4.690462482326970828e-01
1.018483110261312504e+03,4.240539020781738389e-01
1.016970725498514753e+03,3.654003680185932690e-01
1.015462825672526606e+03,2.943375293755522981e-01
1.013959390862943792e+03,2.152694456395081446e-01
1.012460401267159227e+03,1.373646491056658980e-01
1.010965837199493649e+03,7.435777493408726735e-02
1.009475679090334552e+03,4.042650229396714534e-02
1.007989907485281606e+03,4.306501611414788322e-02
1.006508503044299459e+03,7.864867842079094340e-02
1.005031446540880324e+03,1.351232229934357099e-01
1.003558718861209627e+03,1.988004044661913217e-01
1.002090301003344166e+03,2.593140430481080116e-01
1.000626174076392886e+03,3.107668521979171650e-01
9.991663192997078795e+02,3.506592886243440343e-01
9.977107180020809665e+02,3.784167412826010546e-01
9.962593516209472000e+02,3.943029835995942034e-01
9.948122017015977008e+02,3.988062406211552169e-01
9.933692498963940807e+02,3.923727396763198039e-01
9.919304779639973049e+02,3.753693643987174311e-01
9.904958677685948487e+02,3.482145894195620150e-01
9.890654012791414971e+02,3.116636376420496291e-01
9.876390605686029858e+02,2.672415655408959534e-01
9.862168278132068053e+02,2.177606340399175500e-01
9.847986852917006217e+02,1.677127047389504189e-01
9.833846153846151310e+02,1.231413722297439728e-01
9.819746005735353265e+02,9.058728830135906462e-02
9.805686234403759727e+02,7.516071082696454408e-02
9.791666666666665151e+02,7.863429285644769895e-02
9.777687130328366720e+02,9.879941689561588802e-02
9.763747454175151006e+02,1.305301270396775903e-01
9.749847467968269257e+02,1.677426646297749957e-01
9.735987002437041156e+02,2.050566282688304487e-01
9.722165889271950618e+02,2.385739519750822157e-01
9.708383961117858689e+02,2.659054341454698545e-01
9.694641051567236900e+02,2.858370693846458144e-01
9.680936995153471116e+02,2.979412206155049869e-01
9.667271627344219951e+02,3.022822779959566386e-01
9.653644784534833434e+02,2.992465705720024349e-01
9.640056304041825115e+02,2.894816583530297471e-01
9.626506024096381680e+02,2.739131736383466631e-01
9.612993783837977162e+02,2.538001726069692432e-01
9.599519423307966690e+02,2.307809510962365307e-01
9.586082783443309836e+02,2.068519397096680312e-01
9.572683706070283733e+02,1.842257172420804223e-01
9.559322033898303062e+02,1.650479031404666064e-01
9.545997610513736618e+02,1.510206364344646723e-01
9.532710280373829619e+02,1.430529771091069158e-01
9.519459888800632825e+02,1.410792830680133725e-01
9.506246281975012380e+02,1.441269678486602202e-01
9.493069306930690345e+02,1.505925460361543233e-01
9.479928811548345493e+02,1.586124445525208260e-01
9.466824644549761842e+02,1.663973299372648040e-01
9.453756655492010168e+02,1.724584644937563471e-01
9.440724694761714773e+02,1.757200493161988342e-01
9.427728613569317986e+02,1.755503250851768449e-01
9.414768263943437887e+02,1.717537084269202541e-01
9.401843498725238533e+02,1.645483481841369666e-01
9.388954171562864985e+02,1.545443679591474995e-01
9.376100136905923819e+02,1.427139204368800540e-01
9.363281249999997726e+02,1.303345946816245604e-01
9.350497366881213566e+02,1.188840823770373201e-01
9.337748344370857012e+02,1.098736844971248683e-01
9.325034040070023593e+02,1.046321335185717433e-01
9.312354312354309513e+02,1.040818681753536701e-01
9.299709020368572965e+02,1.085703844866977019e-01
9.287098024021694300e+02,1.178129398874334932e-01
9.274521183981426020e+02,1.309654396569683577e-01
9.261978361669238211e+02,1.467965185979836495e-01
9.249469419255254934e+02,1.639009889869552927e-01
9.236994219653176970e+02,1.808934752269878155e-01
9.224552626515295515e+02,1.965428349887320403e-01
9.212144504227514972e+02,2.098397301699718442e-01
9.199769717904430308e+02,2.200107789899750643e-01
9.187428133384435114e+02,2.265006613859533446e-01
9.175119617224877402e+02,2.289431423996126924e-01
9.162844036697246111e+02,2.271373948141496013e-01
9.150601259782398529e+02,2.210410356497107265e-01
9.138391155165838882e+02,2.107874689925251510e-01
9.126213592233007148e+02,1.967320525725259617e-01
9.114068441064636090e+02,1.795274369997664765e-01
9.101955572432120789e+02,1.602202265739431641e-01
9.089874857792945022e+02,1.403459719099627578e-01
9.077826169286116738e+02,1.219767671253494667e-01
9.065809379727683108e+02,1.076533680752157773e-01
9.053824362606229670e+02,1.001280829363276476e-01
9.041870992078457903e+02,1.018918846897469282e-01
9.029949142964774182e+02,1.145710141508262114e-01
9.018058690744917385e+02,1.384046358307887692e-01
9.006199511553634238e+02,1.720563375572713438e-01
8.994371482176356949e+02,2.128833658353327385e-01
8.982574480044968368e+02,2.575522968532494295e-01
8.970808383233529639e+02,3.027272769723142742e-01
8.959073070454119261e+02,3.455782723741988582e-01
8.947368421052628946e+02,3.840059850722444268e-01
8.935694315004657255e+02,4.166241807556544940e-01
8.924050632911389584e+02,4.426032158861795685e-01
8.912437255995536134e+02,4.614698631210226720e-01
8.900854066097286932e+02,4.729212827173780997e-01
8.889300945670311194e+02,4.766772866658258168e-01
8.877777777777777146e+02,4.723766433992124258e-01
8.866284446088400273e+02,4.595203451946508477e-01
8.854820834872550677e+02,4.374710872040814547e-01
8.843386828998336568e+02,4.055477157571953373e-01
8.831982313927779842e+02,3.632767343282393147e-01
8.820607175712967774e+02,3.109098721319497050e-01
8.809261300992280894e+02,2.503089820973868895e-01
8.797944576986600396e+02,1.861384712476846226e-01
8.786656891495598529e+02,1.268040836870699684e-01
8.775398132894011951e+02,8.381845491664957626e-02
8.764168190127967364e+02,6.827518058881582030e-02
8.752966952711335580e+02,8.539189691492762857e-02
8.741794310722096952e+02,1.312719662100429729e-01
8.730650154798760241e+02,1.950837601416662570e-01
8.719534376136773517e+02,2.645612939595751723e-01
8.708446866485012379e+02,3.302690713463530825e-01
8.697387518142231784e+02,3.867734496876373274e-01
8.686356223953613380e+02,4.317962693341008129e-01
8.675352877307270774e+02,4.648841650593388275e-01
8.664377372130849153e+02,4.863590579836049588e-01
8.653429602888083991e+02,4.966788470397678346e-01
8.642509464575443872e+02,4.961069343038501667e-01
8.631616852718758537e+02,4.845790263676469922e-01
8.620751663369895823e+02,4.617031480330516802e-01
8.609913793103445414e+02,4.268925001421677856e-01
8.599103139013450345e+02,3.797023737432064783e-01
8.588319598710138507e+02,3.204844266021693033e-01
8.577563070316690528e+02,2.514412541198823847e-01
8.566833452466046310e+02,1.778945735751021051e-01
8.556130644297694516e+02,1.089344063421286979e-01
8.545454545454543904e+02,5.597884572131341802e-02
8.534805056079756014e+02,2.852821949497514817e-02
8.524182076813652884e+02,2.928852796456317756e-02
8.513585508790621361e+02,5.275123109015605188e-02
8.503015253636039006e+02,8.844105391560451446e-02
8.492471213463239792e+02,1.256552698660563239e-01
8.481953290870485489e+02,1.563505435465305793e-01
8.471461388937974561e+02,1.756691045976432053e-01
8.460995411224847658e+02,1.813288678026301892e-01
8.450555261766259036e+02,1.730391188964212346e-01
8.440140845070419573e+02,1.525174752114365206e-01
8.429752066115701155e+02,1.242175531266100919e-01
8.419388830347731982e+02,9.633892109781269641e-02
8.409051043676546442e+02,8.075471335363448855e-02
8.398738612473719058e+02,8.981575828339186107e-02
8.388451443569550747e+02,1.299362087926428100e-01
8.378189444250260749e+02,1.967397560724461203e-01
8.367952522255191070e+02,2.772684937433286811e-01
8.357740585774056399e+02,3.572906305014465489e-01
8.347553543444190609e+02,4.268014898306421445e-01
8.337391304347825098e+02,4.808808002163413309e-01
8.327253778009377356e+02,5.178900016834229181e-01
8.317140874392781598e+02,5.373558343911247759e-01
8.307052503898801206e+02,5.383908866883151401e-01
8.296988577362407113e+02,5.185621222028210520e-01
8.286949006050126627e+02,4.730013797778201412e-01
8.276933701657455913e+02,3.942677262441248165e-01
8.266942576306257706e+02,2.764463986117670635e-01
8.256975542542195399e+02,1.351694924394314101e-01
8.247032513332184180e+02,5.104698401392918083e-02
8.237113402061853549e+02,1.381632327129606042e-01
8.227218122533033693e+02,3.568839011880233225e-01
8.217346588961258931e+02,5.647241409242983456e-01
8.207498715973291610e+02,7.074154352363044573e-01
8.197674418604648281e+02,7.963662684564237759e-01
8.187873612297180443e+02,8.515173570927797586e-01
8.178096212896618908e+02,8.865728606251668253e-01
8.168342136650194334e+02,9.095559750556390100e-01
8.158611300204217969e+02,9.250421133598912826e-01
8.148903620601731745e+02,9.356746847400629896e-01
8.139219015280133362e+02,9.430131076294328007e-01
8.129557402068846841e+02,9.479880528683566343e-01
8.119918699186989670e+02,9.511432553670831069e-01
8.110302825241074061e+02,9.527590852157394874e-01
8.100709699222709332e+02,9.529029490183666962e-01
8.091139240506327042e+02,9.514203633698656848e-01
8.081591368846931118e+02,9.478517396157541963e-01
8.072066004377837771e+02,9.412109043327914204e-01
8.062563067608474512e+02,9.294381301233783921e-01
8.053082479422137112e+02,9.079457858438998441e-01
8.043624161073823871e+02,8.652238097189206556e-01
8.034188034188032361e+02,7.675692701617713443e-01
8.024774020756609616e+02,5.096303685040270981e-01
8.015382043136597758e+02,1.145585346231250412e-01
8.006012024048093281e+02,4.821979372771549310e-01
7.996663886572140427e+02,7.814156889555934349e-01
7.987337554148614345e+02,8.879834629211433850e-01
7.978032950574137203e+02,9.316168999120214567e-01
7.968749999999997726e+02,9.527312190646293200e-01
7.959488626930100281e+02,9.642713113551735216e-01
7.950248756218902599e+02,9.711539904012984614e-01
7.941030313069403519e+02,9.755374995703619545e-01
7.931833223031101170e+02,9.784802192329618009e-01
7.922657411998014823e+02,9.805466486561073003e-01
7.913502806206666946e+02,9.820561985563540652e-01
7.904369332234127796e+02,9.831947642178126001e-01
7.895256916996045220e+02,9.840693801503188620e-01
7.886165487744692655e+02,9.847356837100187388e-01
7.877094972067036451e+02,9.852120793458539749e-01
7.868045297882814566e+02,9.854909047659339283e-01
7.859016393442622075e+02,9.855401949550294249e-01
7.850008187326016014e+02,9.853025475647810838e-01
7.841020608439645230e+02,9.846893981442852439e-01
7.832053586015354085e+02,9.835641136341098933e-01
7.823107049608353236e+02,9.817085396443827605e-01
7.814180929095352894e+02,9.787330362462871580e-01
7.805275154672742701e+02,9.738763741442240107e-01
7.796389656854770465e+02,9.654678932282305670e-01
7.787524366471733401e+02,9.492437667363020637e-01
7.778679214668179611e+02,9.117962245520858655e-01
7.769854132901131152e+02,7.967067177778461851e-01
7.761049052938318482e+02,3.783479984276924002e-01
7.752263906856401263e+02,5.566320023248000348e-01
7.743498627039249413e+02,8.539217834208089331e-01
7.734753146176183236e+02,9.303523995426861148e-01
7.726027397260272664e+02,9.570594394544874595e-01
7.717321313586603537e+02,9.691016433425039267e-01
7.708634828750600718e+02,9.755391316517806333e-01
7.699967876646319382e+02,9.794295073879855096e-01
7.691320391464781778e+02,9.820024605176949084e-01
7.682692307692306031e+02,9.838237675801480009e-01
7.674083560108849724e+02,9.851587059727525686e-01
7.665494083786375086e+02,9.861449272283884238e-01
7.656923814087203937e+02,9.868528072999923628e-01
7.648372686662411297e+02,9.873090422589462234e-01
7.639840637450197391e+02,9.875341855818420278e-01
7.631327602674306263e+02,9.875302331652375809e-01
7.622833518842420517e+02,9.873036317842310838e-01
7.614358322744598127e+02,9.868488319169029799e-01
7.605901951451686500e+02,9.861587668229520043e-01
7.597464342313785437e+02,9.852124045175276734e-01
7.589045432958680522e+02,9.839601837061925371e-01
7.580645161290319720e+02,9.823075859656854592e-01
7.572263465487282019e+02,9.800682419798848466e-01
7.563900284001260843e+02,9.768871856157654854e-01
7.555555555555553156e+02,9.720495317319994832e-01
7.547229219143573573e+02,9.640038594812666561e-01
7.538921214027361657e+02,9.489573952564221981e-01
7.530631479736094889e+02,9.158823906514975688e-01
7.522359956064645985e+02,8.242297509617215745e-01
7.514106583072098147e+02,5.152027482998658980e-01
7.505871301080318290e+02,3.920233351594683002e-01
7.497654050672504127e+02,7.679208262572350119e-01
7.489454772691765356e+02,8.919809141085019988e-01
7.481273408239698028e+02,9.351427824468964145e-01
7.473109898674979377e+02,9.541606070433693576e-01
7.464964185611956964e+02,9.639556448614147177e-01
7.456836210919269661e+02,9.694988493458024381e-01
7.448725916718457256e+02,9.727895481661622545e-01
7.440633245382582572e+02,9.747487019273425313e-01
7.432558139534883139e+02,9.758440035359078335e-01
7.424500542047387626e+02,9.763294394969341816e-01
7.416460396039602756e+02,9.763451362436462722e-01
7.408437644877141111e+02,9.759701782166411155e-01
7.400432232170420548e+02,9.752290933630722858e-01
7.392444101773321563e+02,9.741112906163413854e-01
7.384473197781883300e+02,9.725678948198098750e-01
7.376519464533002974e+02,9.705024818435614709e-01
7.368582846603133021e+02,9.677532266707656872e-01
7.360663288806998708e+02,9.640587210583041466e-01
7.352760736196316884e+02,9.589942493095313658e-01
7.344875134058524964e+02,9.518504234609953540e-01
7.337006427915516724e+02,9.413917943172002145e-01
7.329154563522395165e+02,9.253499240526468217e-01
7.321319486866216266e+02,8.992923990490486741e-01
7.313501144164757761e+02,8.539749687006101819e-01
7.305699481865282223e+02,7.692464121608117988e-01
7.297914446643322890e+02,6.049024584303924756e-01
7.290145985401458120e+02,3.374080984251284776e-01
7.282394045268111995e+02,1.918333916509636361e-01
7.274658573596356064e+02,3.705177098882972420e-01
7.266939517962708805e+02,5.783918451365541724e-01
7.259236826165957837e+02,7.039307562444065969e-01
7.251550446225985525e+02,7.736886298541381102e-01
7.243880326382591193e+02,8.132551221433443889e-01
7.236226415094337199e+02,8.360384506915251590e-01
7.228588661037392740e+02,8.487152577811751808e-01
7.220967013104379930e+02,8.547010591534273116e-01
7.213361420403248303e+02,8.557612119719395505e-01
7.205771832256123162e+02,8.527625603737692961e-01
7.198198198198197133e+02,8.460254455171736243e-01
7.190640467976598984e+02,8.354863243235703951e-01
7.183098591549294269e+02,8.207652411488443045e-01
7.175572519083966654e+02,8.011789846260206627e-01
7.168062200956935612e+02,7.757211649127466746e-01
7.160567587752052532e+02,7.430336999069554471e-01
7.153088630259621823e+02,7.014235854251417157e-01
7.145625279475329990e+02,6.489297248880626645e-01
7.138177486599163331e+02,5.836428341080974747e-01
7.130745203034357473e+02,5.043834720125432991e-01
7.123328380386326444e+02,4.119364946038263087e-01
7.115926970461628116e+02,3.106728222139523710e-01
7.108540925266902377e+02,2.096208227695445792e-01
7.101170197007849083e+02,1.212356896875667750e-01
7.093814738088190097e+02,5.695952936586354959e-02
7.086474501108644972e+02,2.189817886386999368e-02
7.079149438865915727e+02,1.292227427586170076e-02
7.071839504351672758e+02,2.146784994066780819e-02
7.064544650751546442e+02,3.802139330900059649e-02
7.057264831444131232e+02,5.511579685106200027e-02
7.049999999999998863e+02,6.820596032268859410e-02
7.042750110180693355e+02,7.534103180667675592e-02
7.035515115937773771e+02,7.653969682989256174e-02
7.028294971411813776e+02,7.326367152798725357e-02
7.021089630931456895e+02,6.801185439593075699e-02
7.013899049012434261e+02,6.389981134160055420e-02
7.006723180356618741e+02,6.411165295760766492e-02
6.999561979851071101e+02,7.120219978996737697e-02
6.992415402567092997e+02,8.644901397333085158e-02
6.985283403759286784e+02,1.095191393115108325e-01
6.978165938864626696e+02,1.386297858597688448e-01
6.971062963501525473e+02,1.711141861666439223e-01
6.963974433468911229e+02,2.041199942956512248e-01
6.956900304745317953e+02,2.351677486845954179e-01
6.949840533487965786e+02,2.624243525870041949e-01
6.942795076031859480e+02,2.847756995439765237e-01
6.935763888888886868e+02,3.017325035393732535e-01
6.928746928746927551e+02,3.133119559494302320e-01
6.921744152468955917e+02,3.199245292082794623e-01
6.914755517092165746e+02,3.222811580917034346e-01
6.907780979827086867e+02,3.213129389839627925e-01
6.900820498056713177e+02,3.180749690985864020e-01
6.893874029335632940e+02,3.136146762827780599e-01
6.886941531389165903e+02,3.088257777112805025e-01
6.880022962112512914e+02,3.042647453301903226e-01
6.873118279569889637e+02,3.000407191986373956e-01
6.866227441993696630e+02,2.957701004130129929e-01
6.859350407783657602e+02,2.906338401100040381e-01
6.852487135506000868e+02,2.835226915468368469e-01
6.845637583892615794e+02,2.732307671679593541e-01
6.838801711840226289e+02,2.586035464590508703e-01
6.831979478409574540e+02,2.387471173465495755e-01
6.825170842824599049e+02,2.132270529840527007e-01
6.818375764471624052e+02,1.823287175356337331e-01
6.811594202898548929e+02,1.473903784525494032e-01
6.804826117814051258e+02,1.111361626992225099e-01
6.798071469086781917e+02,7.781994507249902215e-02
6.791330216744579502e+02,5.283951464741675624e-02
6.784602320973673386e+02,4.154938777654446774e-02
6.777887742117911785e+02,4.746327663774387723e-02
6.771186440677963674e+02,7.072722290792105015e-02
6.764498377310567321e+02,1.079025981052578048e-01
6.757823512827740160e+02,1.532531260001546158e-01
6.751161808196026186e+02,2.006741236968083708e-01
6.744513224535731979e+02,2.451430113907948349e-01
6.737877723120167275e+02,2.832966180366953135e-01
6.731255265374892360e+02,3.132847015287923975e-01
6.724645812876979107e+02,3.343693340715937490e-01
6.718049327354258367e+02,3.465009847950579203e-01
6.711465770684583276e+02,3.500364029414539946e-01
6.704895104895102804e+02,3.455790485812807455e-01
6.698337292161518235e+02,3.339670836224010730e-01
6.691792294807368080e+02,3.162977815653726932e-01
6.685260075303302756e+02,2.940141513301445797e-01
6.678740596266368357e+02,2.689628061449070295e-01
6.672233820459288154e+02,2.433098969498393160e-01
6.665739710789764558e+02,2.193349212470702692e-01
6.659258230309765167e+02,1.990468595810339913e-01
6.652789342214819044e+02,1.837177461254843325e-01
6.646333009843336868e+02,1.735424604197178533e-01
6.639889196675898120e+02,1.675974258057359723e-01
6.633457866334578057e+02,1.640686942721152342e-01
6.627038982582248536e+02,1.606940255979136534e-01
6.620632509321915222e+02,1.552301838500766140e-01
6.614238410596024096e+02,1.458338774792000969e-01
6.607856650585802072e+02,1.313362027434769597e-01
6.601487193610573740e+02,1.114637976746473136e-01
6.595130004127113352e+02,8.703653773851433018e-02
6.588785046728968382e+02,6.013469144982718645e-02
6.582452286145817197e+02,3.411597011694540715e-02
6.576131687242797170e+02,1.328556635800415969e-02
6.569823215019869167e+02,2.064738842749805695e-03
6.563526834611170671e+02,3.761785459258931794e-03
6.557242511284363218e+02,1.945337621978315140e-02
6.550970210440009396e+02,4.759160840793804498e-02
6.544709897610919143e+02,8.459499628586213127e-02
6.538461538461536975e+02,1.260442690412354183e-01
6.532225098787298521e+02,1.678413523709185728e-01
6.526000544514020021e+02,2.068773936177694950e-01
6.519787841697263957e+02,2.412282005750438496e-01
6.513586956521737648e+02,2.700105939703640878e-01
6.507397855300663423e+02,2.931237910440505079e-01
6.501220504475181770e+02,3.110037091035589008e-01
6.495054870613736284e+02,3.244234561544735995e-01
6.488900920411475681e+02,3.342912383697339007e-01
6.482758620689653526e+02,3.415439595638780079e-01
6.476627938395026831e+02,3.469778611145618585e-01
6.470508840599269433e+02,3.511092047750730694e-01
6.464401294498379684e+02,3.540918978470019574e-01
6.458305267412096100e+02,3.556752131816334206e-01
6.452220726783308464e+02,3.552402498629453897e-01
6.446147640177489393e+02,3.518893869147766140e-01
6.440085975282104300e+02,3.445601521917164844e-01
6.434035699906050922e+02,3.321681586206121639e-01
6.427996781979081788e+02,3.136573657211695343e-01
6.421969189551238060e+02,2.882403563403499458e-01
6.415952890792290191e+02,2.555218089805317283e-01
6.409947853991174043e+02,2.158311639032051699e-01
6.403954047555436091e+02,1.706366926594622691e-01
6.397971440010674087e+02,1.229717021671421634e-01
6.391999999999999318e+02,7.771568670072859231e-02
6.386039696283465901e+02,4.105688107985115687e-02
6.380090497737554642e+02,1.909147023033769958e-02
6.374152373354604606e+02,1.563660526690443739e-02
6.368225292242293563e+02,3.055422075082301139e-02
6.362309223623088883e+02,5.972704460442530838e-02
6.356404136833730263e+02,9.677756329869678653e-02
6.350510001324677205e+02,1.352111410966356508e-01
6.344626786659606523e+02,1.699397054849201005e-01
6.338754462514873467e+02,1.977528774968020375e-01
6.332892998678994445e+02,2.171628261207487198e-01
6.327042365052129753e+02,2.280585482651263374e-01
6.321202531645567433e+02,2.314278469078408507e-01
6.315373468581213956e+02,2.292401267299891410e-01
6.309555146091073539e+02,2.243498730777165329e-01
6.303747534516763835e+02,2.203943670714201830e-01
6.297950604308982747e+02,2.213045757943772895e-01
6.292164326027035486e+02,2.305760149977009177e-01
6.286388670338315023e+02,2.502873242824971700e-01
6.280623608017815513e+02,2.804486390566774401e-01
6.274869109947642301e+02,3.189954725153734127e-01
6.269125147116513972e+02,3.624859015322056677e-01
6.263391690619283736e+02,4.071443738668081291e-01
6.257668711656440337e+02,4.496602186213849994e-01
6.251956181533645349e+02,4.875149301276798242e-01
6.246254071661236367e+02,5.190210319488438584e-01
6.240562353553759749e+02,5.429125671619283722e-01
6.234880998829494274e+02,5.580854439768775377e-01
6.229209979209977064e+02,5.631608361495871184e-01
6.223549266519536332e+02,5.560310354127900867e-01
6.217898832684822992e+02,5.332678941487566382e-01
6.212258649734351366e+02,4.896515571749534002e-01
6.206628689798030791e+02,4.179797158129780477e-01
6.201008925106712013e+02,3.129720640726861292e-01
6.195399327991727887e+02,1.884235546073916856e-01
6.189799870884440907e+02,1.123586939415330693e-01
6.184210526315787320e+02,1.805036939010052355e-01
6.178631266915838296e+02,3.656585072333260467e-01
6.173062065413338360e+02,5.500221028873621965e-01
6.167502894635274515e+02,6.818761472416852154e-01
6.161953727506423775e+02,7.669636328541967751e-01
6.156414537048926832e+02,8.214820327291985080e-01
6.150885296381829903e+02,8.572962075572845286e-01
6.145365978720675457e+02,8.816953301241752250e-01
6.139856557377048603e+02,8.988325884136499910e-01
6.134357005758155310e+02,9.113109480413517094e-01
6.128867297366401772e+02,9.205272403323049302e-01
6.123387405798949885e+02,9.274000224695390093e-01
6.117917304747319349e+02,9.324104268582136257e-01
6.112456967996937465e+02,9.359959461726661267e-01
6.107006369426750325e+02,9.382084689479509576e-01
6.101565483008779438e+02,9.390713864328321669e-01
6.096134282807730642e+02,9.383805940394932543e-01
6.090712742980559824e+02,9.355395517997647792e-01
6.085300837776082972e+02,9.295435805983363053e-01
6.079898541534558944e+02,9.177890149270823139e-01
6.074505828687276789e+02,8.942112325346237567e-01
6.069122673756171480e+02,8.425866254720540960e-01
6.063749051353401001e+02,7.163835435677624597e-01
6.058384936180966633e+02,4.804553552562085272e-01
6.053030303030301411e+02,5.627699955011261634e-01
6.047685126781883582e+02,7.839922994876520335e-01
6.042349382404837570e+02,8.797516590557237226e-01
6.037023044956553122e+02,9.203846968942767104e-01
6.031706089582282857e+02,9.404232373335447148e-01
6.026398491514769375e+02,9.515650839257854265e-01
6.021100226073848489e+02,9.584288363564480440e-01
6.015811268666079741e+02,9.628490594497568500e-01
6.010531594784351910e+02,9.658955953252676974e-01
6.005261180007513531e+02,9.679875874498466981e-01
5.999999999999998863e+02,9.694574592601706842e-01
