pump_intensity_w_cm2,final_relative_deg,abs_final_relative_deg,min_relative_deg,max_relative_deg,span_relative_deg,variance_relative_deg2,pump1_frequency_inv_um,pump2_frequency_inv_um,pump1_cold_frequency_inv_um,pump2_cold_frequency_inv_um,summary_final_relative_unwrapped_deg,summary_mean_relative_deg,summary_td_final_relative_deg,summary_td_final_relative_unwrapped_deg,pump_ratio_tail_weighted,pump_ratio_final,pump1_purity_tail,pump2_purity_tail,summary_path
100000000.0,0.00036684039343981567,0.00036684039343981567,-0.7654771487343197,0.7570977981651765,1.5225749468994962,4.180000385342947e-11,0.535,0.511637,0.535,0.511637,0.00036684039345150445,0.000348305635008605,-4.035540329357868,-24838.758270124614,0.09317702121831142,0.09318051354655296,0.9999547300166596,0.9999620185796777,/Users/phi/nikita/code/faraday_chi3/scripts/meep_project/SiC_optimizations/sic_L3p2um/sweep_1d_resonant/dim1/I_00_1.00e8/faraday_summary.json
143844988.82876602,0.00044618657254602567,0.00044618657254602567,-0.9183137571633893,0.9076236182311845,1.8259373753945738,4.9963504059793695e-11,0.535,0.511637,0.535,0.511637,0.0004461865725086835,0.0004251470970429555,-0.9289253177724068,-24142.20211027598,0.0931767496708261,0.09317542624625036,0.9999547294398149,0.9999619864196876,/Users/phi/nikita/code/faraday_chi3/scripts/meep_project/SiC_optimizations/sic_L3p2um/sweep_1d_resonant/dim1/I_01_1.44e8/faraday_summary.json
206913808.111479,0.0005459680749169138,0.0005459680749169138,-1.101708701691038,1.0879676085945391,2.189676310285577,6.326694532913703e-11,0.535,0.511637,0.535,0.511637,0.0005459680749542198,0.0005206619356058732,2.774922920307696,-23574.210673625494,0.09317600125406991,0.09317935160053399,0.9999547275070381,0.9999620169832477,/Users/phi/nikita/code/faraday_chi3/scripts/meep_project/SiC_optimizations/sic_L3p2um/sweep_1d_resonant/dim1/I_02_2.07e8/faraday_summary.json
297635144.1631313,0.0006679038413608396,0.0006679038413608396,-1.3222696031049281,1.3039821094749016,2.6262517125798297,7.793236708429023e-11,0.535,0.511637,0.535,0.511637,180.00066790384133,0.0006393202502938198,-4.881068355083029,-23145.788990348094,0.09317420192443968,0.09317226281133809,0.9999547267341599,0.99996200196458,/Users/phi/nikita/code/faraday_chi3/scripts/meep_project/SiC_optimizations/sic_L3p2um/sweep_1d_resonant/dim1/I_03_2.98e8/faraday_summary.json
428133239.87193954,0.0008219675214462541,0.0008219675214462541,-1.5882125599052017,1.5626395215610671,3.150852081466269,9.722701807310098e-11,0.535,0.511637,0.535,0.511637,180.00082196752143,0.000788511205386573,-4.838828049830066,-22841.256615728627,0.09317211251531711,0.09317357304662813,0.9999547280253275,0.999961992975282,/Users/phi/nikita/code/faraday_chi3/scripts/meep_project/SiC_optimizations/sic_L3p2um/sweep_1d_resonant/dim1/I_04_4.28e8/faraday_summary.json
615848211.0660255,0.0010180729194075866,0.0010180729194075866,-1.9081434521871614,1.8722307509618048,3.780374203148966,1.2838287317463698e-10,0.535,0.511637,0.535,0.511637,180.00101807291938,0.000976818676730254,-10.994478197807547,-22648.245773096478,0.09316915066547524,0.09317069665803644,0.9999547269100253,0.999962007726761,/Users/phi/nikita/code/faraday_chi3/scripts/meep_project/SiC_optimizations/sic_L3p2um/sweep_1d_resonant/dim1/I_05_6.16e8/faraday_summary.json
885866790.4100832,0.0012623844980623744,0.0012623844980623744,-2.2932080164130184,2.24258930876033,4.535797325173348,1.6506214875101242e-10,0.535,0.511637,0.535,0.511637,0.0012623844979769538,0.0012149030081208374,-9.154478561562053,-22436.099501723937,0.09316416548296744,0.09316244038420803,0.9999547297779476,0.9999620090543848,/Users/phi/nikita/code/faraday_chi3/scripts/meep_project/SiC_optimizations/sic_L3p2um/sweep_1d_resonant/dim1/I_06_8.86e8/faraday_summary.json
1274274985.7031322,0.0015786209831389897,0.0015786209831389897,-2.7569088161650797,2.685338107779671,5.442246923944751,2.1736393021492165e-10,0.535,0.511637,0.535,0.511637,0.001578620983219595,0.0015207491380292864,-6.607090477866333,-22308.98103734346,0.0931569103956567,0.09315669514328105,0.9999547312985377,0.9999619993471018,/Users/phi/nikita/code/faraday_chi3/scripts/meep_project/SiC_optimizations/sic_L3p2um/sweep_1d_resonant/dim1/I_07_1.27e9/faraday_summary.json
1832980710.8324375,0.001981309186874114,0.001981309186874114,-3.315608200799744,3.214150691714906,6.52975889251465,3.0416205691515216e-10,0.535,0.511637,0.535,0.511637,180.00198130918685,0.0019130506888177948,5.775076696603946,-22023.464422229554,0.09314686993196422,0.09314808287027698,0.9999547352339335,0.9999619981296353,/Users/phi/nikita/code/faraday_chi3/scripts/meep_project/SiC_optimizations/sic_L3p2um/sweep_1d_resonant/dim1/I_08_1.83e9/faraday_summary.json
2636650898.7303553,0.0025045950815894003,0.0025045950815894003,-3.9891252156916437,3.845009646986142,7.834134862677786,3.954634053387106e-10,0.535,0.511637,0.535,0.511637,180.00250459508177,0.0024275135027606904,16.393056375787307,-20959.908556839335,0.09313261698167206,0.09313486243459017,0.9999547416272889,0.9999620006692534,/Users/phi/nikita/code/faraday_chi3/scripts/meep_project/SiC_optimizations/sic_L3p2um/sweep_1d_resonant/dim1/I_09_2.64e9/faraday_summary.json
3792690190.7322536,0.0031897839231476155,0.0031897839231476155,-4.801425619479147,4.596430363590741,9.397855983069888,5.385249025544169e-10,0.535,0.511637,0.535,0.511637,360.00318978392335,0.0031020449284655137,25.2841922129438,-20496.16118401096,0.09311197519377566,0.09311274244761436,0.9999547500685659,0.999962006790516,/Users/phi/nikita/code/faraday_chi3/scripts/meep_project/SiC_optimizations/sic_L3p2um/sweep_1d_resonant/dim1/I_10_3.79e9/faraday_summary.json
5455594781.168514,0.004097021893528563,0.004097021893528563,-5.781382132985414,5.511507838641734,11.292889971627147,7.566279577175169e-10,0.535,0.511637,0.535,0.511637,180.00409702189344,0.003989492621068455,41.1154937722907,-19218.457727647692,0.09308209876518914,0.09308105119825365,0.9999547612690267,0.9999620132278723,/Users/phi/nikita/code/faraday_chi3/scripts/meep_project/SiC_optimizations/sic_L3p2um/sweep_1d_resonant/dim1/I_11_5.46e9/faraday_summary.json
7847599703.514623,0.005298628221098056,0.005298628221098056,-6.8016216972009005,6.56195644088848,13.36357813808938,1.060816578061309e-09,0.535,0.511637,0.535,0.511637,360.005298628221,0.005172630972640506,50.439847482714576,-17949.07574838369,0.09303905652733839,0.09303719775878659,0.9999547766107015,0.9999620191024015,/Users/phi/nikita/code/faraday_chi3/scripts/meep_project/SiC_optimizations/sic_L3p2um/sweep_1d_resonant/dim1/I_12_7.85e9/faraday_summary.json
11288378916.846884,0.006918657892612146,0.006918657892612146,-8.147137940587442,7.9554568325852415,16.102594773172683,1.4975870024526907e-09,0.535,0.511637,0.535,0.511637,180.0069186578929,0.006761861085196517,61.75479210698959,-17038.003472799017,0.09297724686315456,0.0929752093595058,0.9999547967006173,0.9999620260377413,/Users/phi/nikita/code/faraday_chi3/scripts/meep_project/SiC_optimizations/sic_L3p2um/sweep_1d_resonant/dim1/I_13_1.13e10/faraday_summary.json
16237767391.887177,0.009114200233767633,0.009114200233767633,-9.747642035017407,9.465761166866272,19.21340320188368,2.083178813934766e-09,0.535,0.511637,0.535,0.511637,0.009114200232714465,0.008919910803500863,72.55672979426149,-15227.799528813288,0.09288852749349369,0.09288651208823762,0.9999548206450376,0.9999620354065538,/Users/phi/nikita/code/faraday_chi3/scripts/meep_project/SiC_optimizations/sic_L3p2um/sweep_1d_resonant/dim1/I_14_1.62e10/faraday_summary.json
23357214690.901215,0.012106296939606409,0.012106296939606409,-11.656693822648094,11.231549584993047,22.88824340764114,2.8865758851194204e-09,0.535,0.511637,0.535,0.511637,-359.987893703059,0.011877418523049865,79.29950256977037,-14140.593895576667,0.09276137372809003,0.09275969417596423,0.9999548443883328,0.9999620479358166,/Users/phi/nikita/code/faraday_chi3/scripts/meep_project/SiC_optimizations/sic_L3p2um/sweep_1d_resonant/dim1/I_15_2.34e10/faraday_summary.json
33598182862.83788,0.01624874159023193,0.01624874159023193,-14.056456416468876,13.39558936747315,27.452045783942026,3.984715292836118e-09,0.535,0.511637,0.535,0.511637,-1439.9837512584106,0.01595962727979426,83.81695309304544,-12696.050805946548,0.0925793946735509,0.09257842343998068,0.999954855657515,0.9999620643270868,/Users/phi/nikita/code/faraday_chi3/scripts/meep_project/SiC_optimizations/sic_L3p2um/sweep_1d_resonant/dim1/I_16_3.36e10/faraday_summary.json
48329302385.71752,0.022018874058503002,0.022018874058503002,-17.52861333611358,15.926239759903552,33.45485309601713,5.6574620055224594e-09,0.535,0.511637,0.535,0.511637,-2159.9779811259427,0.021660242027722175,-88.00672328285721,-11068.252439423419,0.092319606772365,0.09231872423298099,0.9999548225686355,0.9999620861934408,/Users/phi/nikita/code/faraday_chi3/scripts/meep_project/SiC_optimizations/sic_L3p2um/sweep_1d_resonant/dim1/I_17_4.83e10/faraday_summary.json
69519279617.7559,0.030144611352540096,0.030144611352540096,-20.92927295580415,18.980061905209197,39.90933486101335,8.135932007909409e-09,0.535,0.511637,0.535,0.511637,-2519.9698553886433,0.029721584763487754,-81.84930169791666,-9621.827482622437,0.09194986499782268,0.09194870847469362,0.9999546701819427,0.9999621110355171,/Users/phi/nikita/code/faraday_chi3/scripts/meep_project/SiC_optimizations/sic_L3p2um/sweep_1d_resonant/dim1/I_18_6.95e10/faraday_summary.json
100000000000.0,0.04176191340766877,0.04176191340766877,-24.837240966391235,22.650540746117485,47.48778171250872,1.2048638576506754e-08,0.535,0.511637,0.535,0.511637,-2879.9582380865995,0.0412440279877594,-77.46690622849705,-8177.3957973208,0.09142616457041464,0.09142444474244074,0.9999542236426449,0.9999621295978983,/Users/phi/nikita/code/faraday_chi3/scripts/meep_project/SiC_optimizations/sic_L3p2um/sweep_1d_resonant/dim1/I_19_1.00e11/faraday_summary.json
