wavelength,n,k
300,3.60311765,0.98230426
302,3.58588385,0.979032124
304,3.57071185,0.974909594
306,3.55732531,0.970016801
308,3.54548951,0.964424778
310,3.53500383,0.958196757
312,3.52569587,0.951389256
314,3.51741671,0.944052982
316,3.51003715,0.936233602
318,3.50344455,0.927972386
320,3.49754036,0.91930676
322,3.492238,0.910270777
324,3.48746116,0.900895516
326,3.48314237,0.891209432
328,3.47922177,0.881238656
330,3.47564613,0.871007251
332,3.47236796,0.860537442
334,3.46934483,0.849849807
336,3.46653872,0.838963456
338,3.4639155,0.827896175
340,3.46144447,0.816664564
342,3.45909798,0.805284151
344,3.45685108,0.793769498
346,3.45468123,0.782134289
348,3.45256803,0.770391414
350,3.45049304,0.758553043
352,3.44843951,0.746630685
354,3.44639228,0.734635251
356,3.4443376,0.722577103
358,3.44226298,0.710466101
360,3.44015709,0.698311642
362,3.43800967,0.686122702
364,3.4358114,0.673907861
366,3.43355386,0.661675344
368,3.43122941,0.649433038
370,3.42883116,0.637188522
372,3.4263529,0.624949084
374,3.42378906,0.612721748
376,3.42113461,0.600513284
378,3.4183851,0.588330228
380,3.41553656,0.576178893
382,3.41258547,0.564065388
384,3.40952877,0.551995622
386,3.40636378,0.539975319
388,3.40308819,0.528010025
390,3.39970008,0.516105118
392,3.39619783,0.504265813
394,3.39258013,0.492497171
396,3.38884598,0.480804102
398,3.38499464,0.469191372
400,3.38102565,0.457663605
402,3.37693878,0.446225292
404,3.37273404,0.434880787
406,3.36841164,0.423634316
408,3.36397203,0.412489976
410,3.35941583,0.40145174
412,3.35474385,0.390523453
414,3.34995709,0.379708842
416,3.3450567,0.369011509
418,3.34004399,0.358434936
420,3.33492041,0.347982487
422,3.32968757,0.337657405
424,3.32434718,0.327462814
426,3.31890108,0.317401719
428,3.31335123,0.307477009
430,3.30769968,0.297691451
432,3.30194857,0.288047696
434,3.29610013,0.278548275
436,3.29015666,0.269195602
438,3.28412052,0.259991972
440,3.27799411,0.250939562
442,3.27177989,0.242040428
444,3.26548032,0.23329651
446,3.25909788,0.22470963
448,3.25263503,0.216281491
450,3.24609421,0.208013677
452,3.23947778,0.199907657
454,3.23278802,0.191964784
456,3.22602707,0.184186293
458,3.2191969,0.176573308
460,3.2122992,0.16912684
462,3.2053353,0.16184779
464,3.19830606,0.154736955
466,3.19121156,0.147795034
468,3.18405083,0.141022636
470,3.17682114,0.134420302
472,3.16951671,0.127988543
474,3.1621253,0.121727942
476,3.15461212,0.115640044
478,3.14692675,0.109832179
480,3.13918666,0.104367193
482,3.13145008,0.0992203804
484,3.12374938,0.0943698474
486,3.11610636,0.0897957043
488,3.10853669,0.0854797307
490,3.101052,0.0814051581
492,3.09366099,0.077556508
494,3.08637023,0.0739194615
496,3.07918459,0.0704807495
498,3.07210765,0.067228058
500,3.06514193,0.064149946
502,3.0582891,0.0612357718
504,3.05155017,0.0584756282
506,3.04492556,0.0558602836
508,3.03841522,0.0533811294
510,3.03201874,0.0510301319
512,3.0257354,0.0487997888
514,3.01956418,0.0466830896
516,3.0135039,0.0446734795
518,3.00755317,0.0427648259
520,3.00171049,0.040951388
522,2.99597421,0.0392277895
524,2.99034263,0.0375889922
526,2.98481395,0.0360302725
528,2.97938634,0.0345472001
530,2.97405791,0.0331356173
532,2.96882677,0.0317916207
534,2.963691,0.0305115441
536,2.95864867,0.0292919423
538,2.95369785,0.0281295768
540,2.94883665,0.0270214019
542,2.94406314,0.025964552
544,2.93937546,0.0249563302
546,2.93477172,0.023994197
548,2.9302501,0.0230757604
550,2.92580878,0.0221987666
552,2.92144598,0.0213610909
554,2.91715995,0.0205607299
556,2.91294896,0.0197957937
558,2.90881133,0.0190644989
560,2.90474541,0.0183651621
562,2.90074957,0.0176961934
564,2.89682224,0.0170560913
566,2.89296187,0.0164434367
568,2.88916693,0.0158568884
570,2.88543597,0.0152951779
572,2.88176752,0.0147571057
574,2.87816019,0.0142415366
576,2.87461259,0.0137473964
578,2.87112339,0.0132736679
580,2.86769128,0.0128193878
582,2.86431499,0.0123836436
584,2.86099326,0.0119655703
586,2.85772489,0.0115643484
588,2.8545087,0.0111792003
590,2.85134354,0.010809389
592,2.84822828,0.0104542149
594,2.84516184,0.0101130141
596,2.84214315,0.00978515645
598,2.83917117,0.00947004354
600,2.83624489,0.00916710694
602,2.83336333,0.00887580661
604,2.83052554,0.0085956293
606,2.82773057,0.00832608709
608,2.82497753,0.00806671605
610,2.82226552,0.00781707487
612,2.81959368,0.00757674374
614,2.81696117,0.00734532311
616,2.81436717,0.00712243266
618,2.81181089,0.00690771029
620,2.80929155,0.0067008111
622,2.80680839,0.00650140656
624,2.80436068,0.00630918361
626,2.80194769,0.00612384387
628,2.79956873,0.00594510289
630,2.79722311,0.0057726894
632,2.79491016,0.00560634469
634,2.79262924,0.00544582191
636,2.79037972,0.00529088551
638,2.78816098,0.00514131064
640,2.78597242,0.00499688267
642,2.78381345,0.00485739659
644,2.7816835,0.00472265661
646,2.77958201,0.00459247566
648,2.77750845,0.00446667498
650,2.77546227,0.0043450837
652,2.77344296,0.00422753846
654,2.77145002,0.00411388304
656,2.76948296,0.00400396805
658,2.76754129,0.00389765052
660,2.76562454,0.00379479369
662,2.76373225,0.00369526663
664,2.76186399,0.00359894404
666,2.7600193,0.00350570591
668,2.75819777,0.00341543731
670,2.75639898,0.00332802816
672,2.75462252,0.00324337299
674,2.752868,0.00316137072
676,2.75113502,0.00308192446
678,2.74942322,0.00300494133
680,2.7477322,0.00293033227
682,2.74606163,0.00285801185
684,2.74441113,0.00278789814
686,2.74278038,0.0027199125
688,2.74116901,0.0026539795
690,2.73957672,0.0025900267
692,2.73800317,0.0025279846
694,2.73644805,0.00246778642
696,2.73491105,0.00240936806
698,2.73339187,0.00235266793
700,2.7318902,0.00229762685
702,2.73040577,0.00224418798
704,2.72893829,0.00219229666
706,2.72748748,0.00214190036
708,2.72605308,0.00209294858
710,2.72463481,0.00204539275
712,2.72323242,0.00199918615
714,2.72184565,0.00195428385
716,2.72047425,0.00191064261
718,2.71911799,0.00186822083
720,2.71777662,0.00182697845
722,2.71644991,0.00178687693
724,2.71513763,0.00174787915
726,2.71383955,0.00170994937
728,2.71255546,0.00167305316
730,2.71128515,0.00163715737
732,2.7100284,0.00160223004
734,2.708785,0.00156824038
736,2.70755475,0.00153515873
738,2.70633746,0.00150295648
740,2.70513293,0.00147160606
742,2.70394096,0.00144108087
744,2.70276139,0.00141135528
746,2.70159401,0.00138240456
748,2.70043865,0.00135420483
750,2.69929514,0.00132673309
752,2.69816329,0.00129996711
754,2.69704295,0.00127388545
756,2.69593395,0.00124846742
758,2.69483612,0.00122369303
760,2.69374931,0.00119954299
762,2.69267335,0.00117599866
764,2.69160809,0.00115304205
766,2.69055339,0.00113065578
768,2.68950908,0.00110882303
770,2.68847504,0.00108752759
772,2.68745111,0.00106675376
774,2.68643716,0.00104648638
776,2.68543304,0.0010267108
778,2.68443863,0.00100741284
780,2.68345379,0.00098857879
782,2.68247838,0.000970195407
784,2.68151229,0.000952249868
786,2.68055538,0.000934729771
788,2.67960753,0.000917623116
790,2.67866863,0.000900918293
792,2.67773854,0.000884604064
794,2.67681716,0.000868669554
796,2.67590437,0.000853104234
798,2.67500006,0.000837897909
800,2.67410411,0.00082304071
802,2.67321642,0.000808523078
804,2.67233688,0.000794335754
806,2.67146538,0.000780469771
808,2.67060182,0.000766916439
810,2.66974609,0.000753667342
812,2.66889811,0.00074071432
814,2.66805776,0.000728049468
816,2.66722496,0.000715665123
818,2.6663996,0.000703553855
820,2.6655816,0.000691708462
822,2.66477085,0.000680121961
824,2.66396728,0.000668787579
826,2.66317079,0.000657698746
828,2.66238129,0.000646849092
830,2.6615987,0.000636232436
832,2.66082294,0.000625842781
834,2.66005391,0.000615674306
836,2.65929154,0.000605721367
838,2.65853574,0.00059597848
840,2.65778644,0.000586440327
842,2.65704356,0.000577101743
844,2.65630702,0.000567957712
846,2.65557675,0.000559003367
848,2.65485266,0.000550233979
850,2.6541347,0.000541644955
852,2.65342278,0.000533231835
854,2.65271683,0.000524990286
856,2.65201678,0.000516916097
858,2.65132257,0.000509005179
860,2.65063413,0.000501253556
862,2.64995138,0.000493657365
864,2.64927427,0.000486212852
866,2.64860272,0.000478916366
868,2.64793668,0.000471764358
870,2.64727609,0.000464753381
872,2.64662087,0.000457880077
874,2.64597097,0.000451141186
876,2.64532632,0.000444533535
878,2.64468688,0.000438054037
880,2.64405257,0.000431699691
882,2.64342335,0.000425467576
884,2.64279915,0.00041935485
886,2.64217993,0.000413358748
888,2.64156561,0.00040747658
890,2.64095616,0.000401705727
892,2.64035152,0.000396043639
894,2.63975162,0.000390487836
896,2.63915643,0.000385035902
898,2.63856589,0.000379685484
900,2.63797995,0.000374434292
902,2.63739856,0.000369280097
904,2.63682168,0.000364220726
906,2.63624924,0.000359254064
908,2.63568121,0.00035437805
910,2.63511753,0.000349590677
912,2.63455817,0.000344889988
914,2.63400307,0.000340274078
916,2.6334522,0.000335741089
918,2.63290549,0.000331289213
920,2.63236293,0.000326916686
922,2.63182444,0.000322621787
924,2.63129001,0.000318402841
926,2.63075957,0.000314258215
928,2.6302331,0.000310186316
930,2.62971055,0.00030618559
932,2.62919188,0.000302254522
934,2.62867706,0.000298391637
936,2.62816603,0.000294595493
938,2.62765876,0.000290864685
940,2.62715522,0.000287197842
942,2.62665536,0.000283593628
944,2.62615915,0.000280050737
946,2.62566656,0.000276567898
948,2.62517754,0.000273143867
950,2.62469205,0.000269777433
952,2.62421008,0.000266467413
954,2.62373157,0.000263212652
956,2.62325649,0.000260012022
958,2.62278482,0.000256864425
960,2.62231651,0.000253768785
962,2.62185153,0.000250724054
964,2.62138986,0.000247729207
966,2.62093146,0.000244783246
968,2.62047629,0.000241885193
970,2.62002432,0.000239034094
972,2.61957553,0.000236229018
974,2.61912988,0.000233469055
976,2.61868735,0.000230753316
978,2.6182479,0.000228080933
980,2.6178115,0.000225451056
982,2.61737812,0.000222862858
984,2.61694774,0.000220315527
986,2.61652032,0.000217808271
988,2.61609584,0.000215340318
990,2.61567428,0.000212910911
992,2.61525559,0.00021051931
994,2.61483976,0.000208164792
996,2.61442676,0.000205846652
998,2.61401656,0.000203564198
1000,2.61360914,0.000201316756
1002,2.61320447,0.000199103664
1004,2.61280252,0.000196924276
1006,2.61240327,0.000194777962
1008,2.61200669,0.000192664104
1010,2.61161277,0.000190582097
1012,2.61122147,0.00018853135
1014,2.61083277,0.000186511285
1016,2.61044665,0.000184521338
1018,2.61006308,0.000182560953
1020,2.60968204,0.00018062959
1022,2.60930352,0.000178726719
1024,2.60892747,0.000176851822
1026,2.60855389,0.000175004391
1028,2.60818275,0.000173183929
1030,2.60781403,0.000171389951
1032,2.6074477,0.000169621982
1034,2.60708375,0.000167879554
1036,2.60672216,0.000166162213
1038,2.60636289,0.000164469511
1040,2.60600595,0.000162801013
1042,2.60565129,0.00016115629
1044,2.6052989,0.000159534923
1046,2.60494877,0.000157936502
1048,2.60460087,0.000156360625
1050,2.60425518,0.000154806899
1052,2.60391169,0.000153274937
1054,2.60357037,0.000151764363
1056,2.60323121,0.000150274807
1058,2.60289418,0.000148805905
1060,2.60255927,0.000147357304
1062,2.60222646,0.000145928656
1064,2.60189573,0.000144519619
1066,2.60156707,0.000143129861
1068,2.60124046,0.000141759052
1070,2.60091587,0.000140406874
1072,2.6005933,0.000139073011
1074,2.60027272,0.000137757156
1076,2.59995411,0.000136459007
1078,2.59963747,0.000135178267
1080,2.59932278,0.000133914647
1082,2.59901001,0.000132667863
1084,2.59869916,0.000131437634
1086,2.5983902,0.000130223689
1088,2.59808312,0.000129025759
1090,2.5977779,0.00012784358
1092,2.59747454,0.000126676896
1094,2.59717301,0.000125525454
1096,2.59687329,0.000124389005
1098,2.59657539,0.000123267306
1100,2.59627927,0.00012216012
1102,2.59598492,0.000121067212
1104,2.59569233,0.000119988352
1106,2.59540149,0.000118923315
1108,2.59511238,0.000117871882
1110,2.59482499,0.000116833834
1112,2.5945393,0.000115808959
1114,2.5942553,0.000114797049
1116,2.59397297,0.000113797899
1118,2.59369231,0.000112811309
1120,2.59341329,0.00011183708
1122,2.59313591,0.00011087502
1124,2.59286016,0.000109924938
1126,2.59258601,0.000108986648
1128,2.59231346,0.000108059968
1130,2.59204249,0.000107144718
1132,2.5917731,0.000106240721
1134,2.59150526,0.000105347804
1136,2.59123897,0.000104465797
1138,2.59097421,0.000103594534
1140,2.59071098,0.000102733851
1142,2.59044926,0.000101883587
1144,2.59018903,0.000101043583
1146,2.58993029,0.000100213685
1148,2.58967303,9.93937411e-005
1150,2.58941723,9.85836006e-005
1152,2.58916289,9.77831171e-005
1154,2.58890998,9.69921461e-005
1156,2.58865851,9.62105459e-005
1158,2.58840845,9.54381771e-005
1160,2.5881598,9.46749031e-005
1162,2.58791255,9.39205894e-005
1164,2.58766669,9.31751039e-005
1166,2.5874222,9.24383169e-005
1168,2.58717908,9.1710101e-005
1170,2.58693731,9.09903308e-005
1172,2.58669689,9.02788833e-005
1174,2.5864578,8.95756376e-005
1176,2.58622003,8.88804748e-005
1178,2.58598358,8.8193278e-005
1180,2.58574844,8.75139325e-005
1182,2.58551459,8.68423255e-005
1184,2.58528203,8.61783459e-005
1186,2.58505074,8.55218849e-005
1188,2.58482072,8.48728352e-005
1190,2.58459195,8.42310914e-005
1192,2.58436443,8.359655e-005
1194,2.58413815,8.29691092e-005
1196,2.5839131,8.23486689e-005
1198,2.58368926,8.17351306e-005
1200,2.58346664,8.11283976e-005
1202,2.58324522,8.05283746e-005
1204,2.583025,7.99349681e-005
1206,2.58280595,7.93480861e-005
1208,2.58258809,7.87676381e-005
1210,2.58237139,7.81935349e-005
1212,2.58215584,7.76256892e-005
1214,2.58194145,7.70640148e-005
1216,2.5817282,7.6508427e-005
1218,2.58151609,7.59588425e-005
1220,2.5813051,7.54151794e-005
1222,2.58109522,7.48773569e-005
1224,2.58088646,7.43452959e-005
1226,2.5806788,7.38189184e-005
1228,2.58047222,7.32981474e-005
1230,2.58026674,7.27829076e-005
1232,2.58006233,7.22731246e-005
1234,2.579859,7.17687253e-005
1236,2.57965672,7.12696377e-005
1238,2.5794555,7.0775791e-005
1240,2.57925533,7.02871156e-005
1242,2.5790562,6.98035429e-005
1244,2.5788581,6.93250053e-005
1246,2.57866102,6.88514366e-005
1248,2.57846497,6.83827712e-005
1250,2.57826992,6.79189449e-005
1252,2.57807588,6.74598943e-005
1254,2.57788284,6.70055571e-005
1256,2.57769078,6.65558718e-005
1258,2.57749971,6.61107782e-005
1260,2.57730962,6.56702166e-005
1262,2.57712049,6.52341286e-005
1264,2.57693233,6.48024564e-005
1266,2.57674512,6.43751433e-005
1268,2.57655886,6.39521335e-005
1270,2.57637355,6.35333718e-005
1272,2.57618917,6.31188041e-005
1274,2.57600573,6.2708377e-005
1276,2.5758232,6.23020379e-005
1278,2.5756416,6.18997352e-005
1280,2.5754609,6.15014178e-005
1282,2.57528111,6.11070355e-005
1284,2.57510222,6.07165388e-005
1286,2.57492422,6.03298791e-005
1288,2.57474711,5.99470085e-005
1290,2.57457088,5.95678795e-005
1292,2.57439552,5.91924458e-005
1294,2.57422103,5.88206614e-005
1296,2.57404741,5.84524812e-005
1298,2.57387464,5.80878607e-005
1300,2.57370273,5.77267559e-005
1302,2.57353166,5.73691238e-005
1304,2.57336143,5.70149218e-005
1306,2.57319203,5.6664108e-005
1308,2.57302346,5.63166409e-005
1310,2.57285572,5.59724799e-005
1312,2.5726888,5.5631585e-005
1314,2.57252269,5.52939164e-005
1316,2.57235738,5.49594354e-005
1318,2.57219288,5.46281034e-005
1320,2.57202917,5.42998826e-005
1322,2.57186626,5.39747358e-005
1324,2.57170413,5.36526262e-005
1326,2.57154278,5.33335175e-005
1328,2.57138221,5.30173741e-005
1330,2.57122241,5.27041607e-005
1332,2.57106338,5.23938425e-005
1334,2.57090511,5.20863856e-005
1336,2.57074759,5.17817559e-005
1338,2.57059083,5.14799205e-005
1340,2.57043481,5.11808464e-005
1342,2.57027953,5.08845014e-005
1344,2.57012499,5.05908535e-005
1346,2.56997118,5.02998715e-005
1348,2.5698181,5.00115242e-005
1350,2.56966574,4.97257812e-005
1352,2.5695141,4.94426124e-005
1354,2.56936317,4.9161988e-005
1356,2.56921296,4.88838788e-005
1358,2.56906344,4.86082559e-005
1360,2.56891463,4.83350908e-005
1362,2.56876651,4.80643555e-005
1364,2.56861909,4.77960222e-005
1366,2.56847235,4.75300635e-005
1368,2.56832629,4.72664527e-005
1370,2.56818091,4.7005163e-005
1372,2.5680362,4.67461683e-005
1374,2.56789217,4.64894427e-005
1376,2.5677488,4.62349606e-005
1378,2.56760609,4.5982697e-005
1380,2.56746404,4.57326271e-005
1382,2.56732264,4.54847262e-005
1384,2.56718189,4.52389703e-005
1386,2.56704178,4.49953355e-005
1388,2.56690232,4.47537983e-005
1390,2.5667635,4.45143356e-005
1392,2.5666253,4.42769243e-005
1394,2.56648774,4.40415419e-005
1396,2.5663508,4.38081662e-005
1398,2.56621448,4.35767752e-005
1400,2.56607878,4.3347347e-005
1402,2.5659437,4.31198604e-005
1404,2.56580922,4.28942942e-005
1406,2.56567535,4.26706275e-005
1408,2.56554209,4.24488397e-005
1410,2.56540942,4.22289106e-005
1412,2.56527735,4.201082e-005
1414,2.56514587,4.17945482e-005
1416,2.56501498,4.15800757e-005
1418,2.56488467,4.13673832e-005
1420,2.56475494,4.11564516e-005
1422,2.56462579,4.09472622e-005
1424,2.56449722,4.07397964e-005
1426,2.56436922,4.0534036e-005
1428,2.56424178,4.03299628e-005
1430,2.56411491,4.0127559e-005
1432,2.5639886,3.9926807e-005
1434,2.56386284,3.97276894e-005
1436,2.56373764,3.95301891e-005
1438,2.56361299,3.93342892e-005
1440,2.56348889,3.91399727e-005
1442,2.56336533,3.89472234e-005
1444,2.56324231,3.87560248e-005
1446,2.56311983,3.85663609e-005
1448,2.56299789,3.83782156e-005
1450,2.56287647,3.81915735e-005
1452,2.56275559,3.80064188e-005
1454,2.56263523,3.78227364e-005
1456,2.56251539,3.7640511e-005
1458,2.56239607,3.74597278e-005
1460,2.56227726,3.7280372e-005
1462,2.56215897,3.71024291e-005
1464,2.56204119,3.69258845e-005
1466,2.56192392,3.67507242e-005
1468,2.56180715,3.65769341e-005
1470,2.56169088,3.64045004e-005
1472,2.56157511,3.62334093e-005
1474,2.56145983,3.60636473e-005
1476,2.56134505,3.5895201e-005
1478,2.56123075,3.57280573e-005
1480,2.56111695,3.55622031e-005
1482,2.56100362,3.53976256e-005
1484,2.56089078,3.52343119e-005
1486,2.56077842,3.50722496e-005
1488,2.56066653,3.49114262e-005
1490,2.56055511,3.47518295e-005
1492,2.56044417,3.45934473e-005
1494,2.56033369,3.44362677e-005
1496,2.56022368,3.42802787e-005
1498,2.56011413,3.41254688e-005
1500,2.56000504,3.39718264e-005
1502,2.55989641,3.381934e-005
1504,2.55978823,3.36679984e-005
1506,2.55968051,3.35177904e-005
1508,2.55957323,3.3368705e-005
1510,2.5594664,3.32207314e-005
1512,2.55936001,3.30738587e-005
1514,2.55925407,3.29280764e-005
1516,2.55914857,3.27833738e-005
1518,2.5590435,3.26397408e-005
1520,2.55893887,3.24971669e-005
1522,2.55883467,3.2355642e-005
1524,2.55873089,3.22151562e-005
1526,2.55862755,3.20756995e-005
1528,2.55852463,3.19372621e-005
1530,2.55842214,3.17998343e-005
1532,2.55832006,3.16634066e-005
1534,2.5582184,3.15279694e-005
1536,2.55811716,3.13935136e-005
1538,2.55801633,3.12600297e-005
1540,2.55791591,3.11275088e-005
1542,2.5578159,3.09959416e-005
1544,2.5577163,3.08653194e-005
1546,2.5576171,3.07356333e-005
1548,2.5575183,3.06068745e-005
1550,2.55741991,3.04790344e-005
1552,2.55732191,3.03521045e-005
1554,2.55722431,3.02260764e-005
1556,2.5571271,3.01009418e-005
1558,2.55703028,2.99766922e-005
1560,2.55693385,2.98533198e-005
1562,2.5568378,2.97308162e-005
1564,2.55674215,2.96091737e-005
1566,2.55664687,2.94883842e-005
1568,2.55655198,2.93684401e-005
1570,2.55645746,2.92493336e-005
1572,2.55636332,2.9131057e-005
1574,2.55626956,2.90136029e-005
1576,2.55617617,2.88969638e-005
1578,2.55608315,2.87811323e-005
1580,2.5559905,2.86661011e-005
1582,2.55589821,2.8551863e-005
1584,2.55580629,2.84384109e-005
1586,2.55571473,2.83257377e-005
1588,2.55562354,2.82138365e-005
1590,2.5555327,2.81027003e-005
1592,2.55544222,2.79923224e-005
1594,2.55535209,2.78826959e-005
1596,2.55526232,2.77738142e-005
1598,2.5551729,2.76656706e-005
1600,2.55508383,2.75582588e-005
1602,2.55499511,2.74515721e-005
1604,2.55490673,2.73456042e-005
1606,2.5548187,2.72403488e-005
1608,2.554731,2.71357996e-005
1610,2.55464365,2.70319504e-005
1612,2.55455664,2.69287951e-005
1614,2.55446997,2.68263276e-005
1616,2.55438363,2.6724542e-005
1618,2.55429762,2.66234323e-005
1620,2.55421195,2.65229926e-005
1622,2.5541266,2.64232172e-005
1624,2.55404159,2.63241003e-005
1626,2.5539569,2.62256361e-005
1628,2.55387253,2.61278192e-005
1630,2.55378849,2.60306439e-005
1632,2.55370477,2.59341047e-005
1634,2.55362137,2.58381962e-005
1636,2.55353829,2.57429129e-005
1638,2.55345553,2.56482496e-005
1640,2.55337308,2.55542009e-005
1642,2.55329094,2.54607617e-005
1644,2.55320912,2.53679268e-005
1646,2.5531276,2.5275691e-005
1648,2.5530464,2.51840493e-005
1650,2.5529655,2.50929966e-005
1652,2.5528849,2.50025281e-005
1654,2.55280461,2.49126388e-005
1656,2.55272463,2.48233238e-005
1658,2.55264494,2.47345784e-005
1660,2.55256555,2.46463977e-005
1662,2.55248646,2.45587771e-005
1664,2.55240767,2.4471712e-005
1666,2.55232917,2.43851976e-005
1668,2.55225097,2.42992294e-005
1670,2.55217305,2.42138029e-005
1672,2.55209543,2.41289137e-005
1674,2.5520181,2.40445572e-005
1676,2.55194105,2.39607292e-005
1678,2.55186429,2.38774252e-005
1680,2.55178782,2.3794641e-005
1682,2.55171163,2.37123723e-005
1684,2.55163571,2.36306149e-005
1686,2.55156008,2.35493646e-005
1688,2.55148473,2.34686174e-005
1690,2.55140966,2.3388369e-005
1692,2.55133486,2.33086155e-005
1694,2.55126034,2.32293529e-005
1696,2.55118609,2.31505771e-005
1698,2.55111212,2.30722843e-005
1700,2.55103841,2.29944706e-005
1702,2.55096497,2.29171321e-005
1704,2.55089181,2.2840265e-005
1706,2.5508189,2.27638656e-005
1708,2.55074627,2.268793e-005
1710,2.5506739,2.26124547e-005
1712,2.55060179,2.25374359e-005
1714,2.55052994,2.246287e-005
1716,2.55045835,2.23887533e-005
1718,2.55038703,2.23150825e-005
1720,2.55031596,2.22418538e-005
1722,2.55024514,2.21690639e-005
1724,2.55017459,2.20967093e-005
1726,2.55010428,2.20247865e-005
1728,2.55003423,2.19532922e-005
1730,2.54996443,2.18822229e-005
1732,2.54989489,2.18115755e-005
1734,2.54982559,2.17413465e-005
1736,2.54975654,2.16715328e-005
1738,2.54968773,2.16021311e-005
1740,2.54961917,2.15331381e-005
1742,2.54955086,2.14645508e-005
1744,2.54948279,2.13963659e-005
1746,2.54941496,2.13285805e-005
1748,2.54934737,2.12611913e-005
1750,2.54928002,2.11941954e-005
1752,2.54921291,2.11275897e-005
1754,2.54914604,2.10613712e-005
1756,2.54907941,2.0995537e-005
1758,2.54901301,2.09300841e-005
1760,2.54894684,2.08650096e-005
1762,2.54888091,2.08003107e-005
1764,2.54881521,2.07359844e-005
1766,2.54874974,2.0672028e-005
1768,2.5486845,2.06084386e-005
1770,2.54861949,2.05452135e-005
1772,2.5485547,2.04823499e-005
1774,2.54849014,2.04198451e-005
1776,2.54842581,2.03576964e-005
1778,2.54836171,2.02959012e-005
1780,2.54829782,2.02344567e-005
1782,2.54823416,2.01733603e-005
1784,2.54817072,2.01126095e-005
1786,2.5481075,2.00522016e-005
1788,2.5480445,1.99921342e-005
1790,2.54798172,1.99324046e-005
1792,2.54791915,1.98730104e-005
1794,2.5478568,1.98139491e-005
1796,2.54779467,1.97552182e-005
1798,2.54773275,1.96968154e-005
1800,2.54767104,1.9638738e-005
1802,2.54760955,1.95809839e-005
1804,2.54754826,1.95235505e-005
1806,2.54748719,1.94664356e-005
1808,2.54742633,1.94096368e-005
1810,2.54736567,1.93531519e-005
1812,2.54730522,1.92969784e-005
1814,2.54724498,1.92411142e-005
1816,2.54718495,1.9185557e-005
1818,2.54712511,1.91303045e-005
1820,2.54706549,1.90753546e-005
1822,2.54700606,1.90207051e-005
1824,2.54694684,1.89663538e-005
1826,2.54688781,1.89122986e-005
1828,2.54682899,1.88585372e-005
1830,2.54677037,1.88050677e-005
1832,2.54671194,1.87518879e-005
1834,2.54665371,1.86989958e-005
1836,2.54659568,1.86463892e-005
1838,2.54653784,1.85940662e-005
1840,2.5464802,1.85420247e-005
1842,2.54642275,1.84902627e-005
1844,2.5463655,1.84387783e-005
1846,2.54630843,1.83875695e-005
1848,2.54625156,1.83366342e-005
1850,2.54619488,1.82859707e-005
1852,2.54613838,1.8235577e-005
1854,2.54608208,1.81854511e-005
1856,2.54602596,1.81355912e-005
1858,2.54597003,1.80859954e-005
1860,2.54591428,1.80366619e-005
1862,2.54585872,1.79875888e-005
1864,2.54580335,1.79387744e-005
1866,2.54574816,1.78902167e-005
1868,2.54569315,1.78419141e-005
1870,2.54563832,1.77938647e-005
1872,2.54558367,1.77460669e-005
1874,2.54552921,1.76985188e-005
1876,2.54547492,1.76512187e-005
1878,2.54542081,1.76041649e-005
1880,2.54536688,1.75573558e-005
1882,2.54531313,1.75107895e-005
1884,2.54525955,1.74644646e-005
1886,2.54520615,1.74183792e-005
1888,2.54515292,1.73725318e-005
1890,2.54509987,1.73269208e-005
1892,2.54504699,1.72815444e-005
1894,2.54499429,1.72364012e-005
1896,2.54494175,1.71914896e-005
1898,2.54488939,1.71468078e-005
1900,2.54483719,1.71023546e-005
1902,2.54478517,1.70581281e-005
1904,2.54473331,1.7014127e-005
1906,2.54468162,1.69703497e-005
1908,2.5446301,1.69267947e-005
1910,2.54457875,1.68834604e-005
1912,2.54452756,1.68403455e-005
1914,2.54447654,1.67974485e-005
1916,2.54442568,1.67547678e-005
1918,2.54437498,1.67123021e-005
1920,2.54432445,1.66700498e-005
1922,2.54427408,1.66280097e-005
1924,2.54422387,1.65861802e-005
1926,2.54417383,1.654456e-005
1928,2.54412394,1.65031477e-005
1930,2.54407421,1.64619418e-005
1932,2.54402464,1.64209412e-005
1934,2.54397523,1.63801443e-005
1936,2.54392598,1.63395498e-005
1938,2.54387688,1.62991564e-005
1940,2.54382794,1.62589629e-005
1942,2.54377916,1.62189678e-005
1944,2.54373053,1.61791699e-005
1946,2.54368205,1.61395679e-005
1948,2.54363373,1.61001604e-005
1950,2.54358556,1.60609464e-005
1952,2.54353754,1.60219244e-005
1954,2.54348967,1.59830932e-005
1956,2.54344196,1.59444516e-005
1958,2.54339439,1.59059984e-005
1960,2.54334698,1.58677324e-005
1962,2.54329971,1.58296522e-005
1964,2.54325259,1.57917569e-005
1966,2.54320562,1.5754045e-005
1968,2.5431588,1.57165156e-005
1970,2.54311212,1.56791673e-005
1972,2.54306559,1.56419991e-005
1974,2.5430192,1.56050097e-005
1976,2.54297296,1.55681981e-005
1978,2.54292686,1.55315631e-005
1980,2.54288091,1.54951036e-005
1982,2.5428351,1.54588185e-005
1984,2.54278943,1.54227066e-005
1986,2.5427439,1.53867668e-005
1988,2.54269852,1.53509982e-005
1990,2.54265327,1.53153995e-005
1992,2.54260817,1.52799698e-005
1994,2.5425632,1.52447079e-005
1996,2.54251837,1.52096128e-005
1998,2.54247368,1.51746834e-005
2000,2.54242913,1.51399188e-005
